INSERT INTO User (user_id, email, pw, profile_image_url, nickname, nation, address, register_At, is_Host) VALUES (1, 'aaron@naver.com', '1111', 'https://www.ghibli.jp/gallery/totoro030.jpg', 'aaron', 'South Korea', 'Seoul', '2015-04-05 12:00:00', false),
                                                                                                                 (2, 'baron@naver.com', '2222', 'https://www.ghibli.jp/gallery/totoro031.jpg', 'baron', 'South Korea', 'Seoul', '2023-04-02 12:00:00', true),
                                                                                                                 (3, 'caron@naver.com', '333', 'https://www.ghibli.jp/gallery/totoro032.jpg', 'caron', 'South Korea', 'Seoul', '2023-04-03 12:00:00', true),
                                                                                                                 (4, 'daron@naver.com', '4444', 'https://www.ghibli.jp/gallery/totoro033.jpg', 'daron', 'South Korea', 'Seoul', '2023-04-04 12:00:00', true),
                                                                                                                 (5, 'earon@naver.com', '5555', 'https://www.ghibli.jp/gallery/totoro034.jpg', 'earon', 'South Korea', 'Seoul', '2023-04-05 12:00:00', true);

INSERT INTO host (host_id, register_at, user_id, grade) VALUES (1, '2023-04-02 12:00:00', 2, '슈퍼호스트'),(2, '2023-04-02 12:00:00', 3, '호스트'),(3, '2023-04-02 12:00:00', 4, '호스트'),(4, '2023-04-02 12:00:00', 5, '슈퍼호스트');

INSERT INTO user_interest (user_interest_id , user_id, hobby, residence) VALUES (1, 1, '넷플리스 보기', 'Seoul' ),  (2, 2, '영화 보기', 'Seoul' ),  (3, 3, '드라마 보기', 'Seoul' ), (4, 4, '독서', 'Seoul' ), (5, 5, '축구 보기', 'Seoul' );

INSERT INTO host_review (host_review_id, host_id, user_id, write_at, content) VALUES (1, 1, 1, '2023-04-02 12:00:00', '아주 깨끗하게 놀고가셨어요 다음에도 놀러오세요' ),
                                                                                     (2, 1, 2, '2023-04-02 12:00:00', '매번 찾아와주셔서 감사해요 또 놀러와요' ),
                                                                                     (3, 2, 3, '2023-04-02 12:00:00', '아주 깨끗하게 놀고가셨어요 다음에도 놀러오세요.' ),
                                                                                     (4, 3, 4, '2023-04-02 12:00:00', '아주 깨끗하게 놀고가셨어요 다음에도 놀러오세요' ),
                                                                                     (5, 4, 5, '2023-04-02 12:00:00', '아주 깨끗하게 놀고가셨어요 다음에도 놀러오세요' ),
                                                                                     (6, 3, 1, '2023-04-02 12:00:00', '아주 깨끗하게 놀고가셨어요 다음에도 놀러오세요' ),
                                                                                     (7, 3, 1, '2023-04-02 12:00:00', '아주 깨끗하게 놀고가셨어요 다음에도 놀러오세요' );

INSERT INTO room (
    room_id, host_id, each_guest_price, extra_pet_price,  address, introduction, description, name, nation
) VALUES (1, 1, '75,000', '20,000', 'Buk-myeon, Gapyeong-gun','Buk-myeon, Gapyeong-gun, 한국의 펜션' ,'[
        "가평의 푸르른 자연과 함께하는 공간",
        "안락함을 주는 우디한 객실과",
        "워터파크를 연상케하는 대형 야외 수영장까지 !",
        "사랑하는 사람과 즐겁고 편안한 시간 되세요 :)",
        "[가평 모닝 스파펜션]의 [세이지]객실 입니다."
      ]','안락함을 주는 우디한 객실과 대형 야외수영장은 덤 !_모닝스파펜션_08_세이지', '한국'),
         (2, 1, '346,000', '20,000', 'Sanbuk-myeon, Yeoju-gun', 'Sanbuk-myeon, Yeoju-gun, 한국의 통나무집 전체' ,'[
        "가평의 푸르른 자연과 함께하는 공간",
        "안락함을 주는 우디한 객실과",
        "워터파크를 연상케하는 대형 야외 수영장까지!",
        "사랑하는 사람과 즐겁고 편안한 시간 되세요 :)",
        "[가평 모닝 스파펜션]의 [세이지]객실 입니다."
      ]','앉아만 있어도 힐링되는 용담한옥에서 쉬었다가세요! ''여주 용담한옥', '한국'),
         (3, 1, '171,200', '20,000', '가평군', '가평군, 한국의 펜션' ,'["18 평, 복층,테라스바베큐가능"]','복층 테라스 객실, b1(노천스파,사우나)', '한국'),
         (4, 1, '130,800', '20,000', 'Seo-myeon,Hongcheon', 'Seo-myeon,Hongcheon 한국의 글램핑','["편히 쉬다가세요, 아름다운 한국의 글램핑장 자연에서 함께 놀아요"]','홍천의 자연 속 편하게 휴식할 숙소의 글램핑203동(2단지)', '한국'),
         (5, 2, '90,100', '20,000', 'Gunnae-myeon, Pocheon-si', 'Gunnae-myeon, Pocheon-si, 감성 카바나','[
        "숙소 설명",
        "관동대 정문 도보 1분 거리 깔끔하고 깨끗한 방",
        "버스정류장, 택시정류장 도보 30초",
        "버스타고 환승없이 강릉시내 10분 안목커피거리 20분 거리",
        "대학가 주변이라 식당 및 카페 많음",
        "전자레인지, 전기레인지, 세탁기, TV, 인터넷, 에어컨, 침대, 책상 완비",
        "게스트 이용 가능 공간/시설",
        "싱글침대와 싱글 토퍼 요, 침구 2개가 제공됩니다"
      ]', '감성힐링 체험이 있는 글램핑 숙소의 감성카바나A10' ,'한국'),
         (6, 2, '285,294', '20,000', 'Ogok-myeon, Gorseong', 'Ogok-myeon, Gorseong, 곡성의 깨끗한 감성 독채 숙소','[
        "[숙소 소개]",
        "여러분들의 지친 일상에서 조금이라도 아름다운 휴식 공간을 마련해 드리고 싶었습니다.",
        "객실에서 보이는 바다 전망은 여러분들의 쉼이 될 수 있는 공간이 되기를 바랍니다.",
        "바다를 보며 마음을 내려놓고 커피를 마시며 생각을 쉴 수 있고",
        "음악이 있어 공간이 더 아름다운 곳이 됩니다. 밤에는 야경도 나에게 휴식을 가져다 주는 그런 공간이 되기 위해 더 노력하고 노력합니다.",
        "공간에 감성이 더해져 여러분들의 하루를 더 없이 소중하게 만들어주는 그런 곳으로 여러분을 초대합니다"
      ]','곡성여관관/곡성/구례 경계에 위치한 감성독채숙소/감성캠핑' ,'한국'),
         (7, 2, '102,706', '20,000', '조천읍, 제주시', '조천읍, 제주시, 함덕의 아름답고 깨끗한 집','[
        "제주 시내에 탑동 해안가 바로 앞에 위치해 있어서 공항과 5분거리로 접근성이 좋고 교통이 편리하며",
        "걸어서 여기저기 여행 다니시기에 좋고 쇼핑하시기에도 좋아요.",
        "바로 앞으로 걸어나가면 탑동 바다가 있고 바닷가 주변으로 산책로가 잘되어있어",
        "여행객들과 제주도민들이 많이 다녀요. 주변에 걸어서 갈 수 있는 관광지는",
        "용두암, 관덕정, 동문시장, 서문시장, 흑돼지거리, 탑동광장 등이 있구요",
        "이마트와 나들가게 까페 그리고 맛집들도 많이 있어요"]', '제주 함덕해수욕장 1분거리 1층 독채 넓은집','한국'),
         (8, 2, '118,545', '20,000', '성산읍, 서귀포시', '성산읍, 서귀포시, 감성 펜션','["버스정류장과도 인접하며!",
        "근처에 큰 마트가 있습니다^^",
        "근처 제주시 동문에 유명한 요가원이 있다고해요",
        "요가원 다니시는 분들 환영합니다!"]','맨도롱#1)3월예약중/연박할인/감성숙소/캠핑/불멍/동쪽여행/성산,우도/복층/빔/넷플릭스', '한국'),
         (9, 3, '228,235', '20,000', '한경면, 제주시','한경면, 제주시, 제주시의 독채 펜션' ,'["숙소 인근에 삼화지구 아파트단지가 있어 롯데시네마",
        "슈퍼/마트가 있고 도보로 24시간 편의점과 뚜레쥬르 베이커리를 갈수 있습니다.",
        "숙소 인근 일몰로 유명한 삼양해수욕장이 있습니다."]','온수 노천탕이 있는 제주의 독채 펜션 MILK HOUSE 입니다~~', '한국'),
         (10, 3, '432,718', '20,000', 'Shima', 'Shima,우후하마의 글램핑장','["게스트 이용 가능 공간/시설",
        "집 전체를 사용하실 수 있습니다.",
        "넓은 주차공간이 있습니다.",
        "또한 봄부터 가을까지 (4월/5월 ~ 11월/12월) 에는",
        "해먹에서 휴식을 취할 수 있는 바비큐를 즐길 수 있는 넓은 정원이 있습니다.",
        "미소라노 7/11까지 차로 3분, 슈퍼마켓 쇼핑을 위한 ''큰'' 5분 거리."]','글램핑 스위트/거실이 있는 1pk/야외 월풀/후우하마 시내 1분/텐트 사우나 체험 1분', '한국'),
         (11, 3, '35,718', '20,000', 'Cheongun-myeon, Yangpyeong', 'Cheongun-myeon, Yangpyeong, 한국의 펜션','["[숙소와의 연락]",
        "''호스트에게 연락하기''를 통해선 연락이 어렵습니다. 호스트와의 연락은 아래 방법을 확인해주세요.",
        "1. Airbnb 메시지 기능을 통해 메시지로 문의해주세요. (Onda 답변 가능 시간: 매주 평일 10:00~18:00)",
        "2. 예약 확정 고객은 문자 메시지를 확인해주세요. 예약 확정 즉시 숙소 연락처가 문자로 발송됩니다.",
        "3. 만약 예약 확정 후 문자를 받지 못하셨다면 Airbnb 메시지 기능을 통해 알려주세요.",
        "4. 예약시 한국 내에서 수신받을 수 있는 연락처를 필히 기재해주세요.",
        "5. 연락처를 기재하지 않아 발생하는 불이익은 호스트가 책임질 수 없습니다"]','초록 물결이 가득한 자연이 묻어나는 숙소의 풀내음방(10평)', '한국'),
         (12, 4, '65,718', '20,000', 'Shimoda-shi', 'Shimoda-shi, 일본의 집 전체','["숙소",
        "205평방미터의 현대적인 공간은 위층의 개방형 거실/식사/주방 공간과 아래층의 놀라운 스파 ",
        "온천 스타일\" 욕실을 중심으로 합니다."]','스파 욕조가 있는 힐 탑 하우스, 키사미, 시모다', '한국'),
         (13, 4, '656,748', '20,000', '춘천시', '춘천시, 한국의 집 전체' ,'[" 강촌 엘리시안 스키장 차량 7분.",
        "굴봉산역 차량 2분.",
        "백양리역 차량 6분.",
        "가평역 차량 10분.",
        "가평터미널 차량 10분.",
        "야외바베큐가능[별도비용발생/무한리필패키지별도문의]",
        "차량픽업가능"]','다모아펜션 #203호', '한국'),
         (14, 4, '76,748', '20,000', '대구, 중구', '중구, 한국의 콘도 전체','["취향이 깃든공간_세라비",
        "탁트인 시티뷰전망은 물론 가슴벅찬 노을뷰를 감상하실수 있는곳이에요. ",
        "연인과 친구와 가족과 함께 감상하며 위로받고 재충전하며 선물같은 공간이 되었으면 좋겠습니다"]','편안한 숙소 넷플,유튜브 “세라비”', '한국');

INSERT INTO likes (like_id, room_id, user_id) VALUES (1, 1, 1), (2,4,2), (3, 9, 3);

INSERT INTO review (review_id, room_id, user_id, write_at, content, score) VALUES (1, 1, 1, '2023-07-02 12:00:00', '방 1: 아주 깨끗하고, 좋아요!!', 4),
                                                                                  (2, 1, 2, '2023-11-01 12:00:00', '방 1: 뷰가 좋아요. 잘 놀다 갑니다.', 5),
                                                                                  (3, 1, 3, '2023-07-02 12:00:00', '방 1: 조금 춥긴한데, 크게 문제되지 않았습니다.', 4),
                                                                                  (4, 1, 4, '2023-07-02 12:00:00', '방 1: 에어컨이 고장나서 너무 더웠습니다. 고치셔야 될 것 같아요.', 4),
                                                                                  (5, 1, 5, '2023-07-02 12:00:00', '방 1: 분위기가 너무 좋습니다. 여름에 다시 오려구요!', 4),
                                                                                  (6, 2, 1, '2023-07-02 12:00:00', '방 2: 아주 깨끗하고, 좋아요!!', 4),
                                                                                  (7, 2, 2, '2023-11-02 12:00:00', '방 2: 뷰가 좋아요. 잘 놀다 갑니다', 4),
                                                                                  (8, 2, 3, '2023-02-02 12:00:00', '방 2: 조금 춥긴한데, 크게 문제되지 않았습니다.', 4),
                                                                                  (9, 2, 4, '2023-07-02 12:00:00', '방 2: 에어컨이 고장나서 너무 더웠습니다. 고치셔야 될 것 같아요.', 3),
                                                                                  (10, 2, 5, '2024-01-02 12:00:00', '방 2: 분위기가 너무 좋습니다. 여름에 다시 오려구요!', 5);

INSERT INTO room_detail ( room_detail_id, room_id, bathroom_count, bed_count, bedroom_count, capacity) VALUES (1, 1, 1, 1, 1, 3),
                                                                                                              (2, 2, 3, 1, 2, 12),
                                                                                                              (3, 3, 2, 2, 1, 4),
                                                                                                              (4, 4, 1, 3, 2, 4),
                                                                                                              (5, 5, 4, 4, 3, 5),
                                                                                                              (6, 6, 3, 2, 1, 4),
                                                                                                              (7, 7, 3, 2, 1, 4),
                                                                                                              (8, 8, 2, 2, 4, 6),
                                                                                                              (9, 9, 2, 2, 4, 6),
                                                                                                              (10, 10, 4, 1, 2, 4),
                                                                                                              (11, 11, 4, 1, 2, 4),
                                                                                                              (12, 12, 2, 3, 2, 7),
                                                                                                              (13, 13, 2, 3, 2, 7),
                                                                                                              (14, 14, 2, 8, 4, 6);

Insert INTO room_image (room_id, image_url)
VALUES (1,  'https://a0.muscache.com/im/pictures/miso/Hosting-54283684/original/5283e5f3-f75e-4b52-8b20-ab1dc01f7cf6.png?im_w=1200'),
       (1,  'https://a0.muscache.com/im/pictures/miso/Hosting-54283684/original/666d410d-6e3f-4801-91fd-4fb1afe5f7d3.png?im_w=720'),
       (1,  'https://a0.muscache.com/im/pictures/miso/Hosting-54283684/original/ba01a6af-2f73-4732-85cf-76eb1f2c3a05.png?im_w=720'),
       (1,  'https://a0.muscache.com/im/pictures/miso/Hosting-54283684/original/2b37bfd0-8af5-4cb7-9452-ea240297bbb7.png?im_w=720'),
       (1,  'https://a0.muscache.com/im/pictures/miso/Hosting-54283684/original/145c26b8-ca6f-4835-992c-ea98e36ee2d8.png?im_w=720'),
       (1,  'https://a0.muscache.com/im/pictures/miso/Hosting-54283684/original/fcde3ed0-6d75-4514-b38c-e3f7ab394823.png?im_w=720'),
       (2, 'https://a0.muscache.com/im/pictures/2d1a28a3-212b-442c-8eb6-caaf2b1dfa82.jpg?im_w=1200'),
       (2, 'https://a0.muscache.com/im/pictures/ba23384d-4e10-405b-9271-b5f0363071d0.jpg?im_w=720'),
       (2, 'https://a0.muscache.com/im/pictures/5b9083c0-854b-4968-96ae-5d4110388ce6.jpg?im_w=720'),
       (2, 'https://a0.muscache.com/im/pictures/a4a5e030-3386-49f0-9490-19bd5b698d49.jpg?im_w=720'),
       (2, 'https://a0.muscache.com/im/pictures/78695e33-5684-4df5-9bb3-09e07b4536c8.jpg?im_w=720'),
       (2, 'https://a0.muscache.com/im/pictures/cb074feb-861e-4598-bc4e-4a7959eebaeb.jpg?im_w=1200'),
       (3, 'https://a0.muscache.com/im/pictures/prohost-api/Hosting-908900502706966329/original/ed0c9b12-5b91-4aed-8e4f-ab233eec8da2.jpeg?im_w=1200'),
       (3, 'https://a0.muscache.com/im/pictures/prohost-api/Hosting-908900502706966329/original/8e5a90b0-6fd6-4f48-bc01-b34a23798c6b.jpeg?im_w=720'),
       (3, 'https://a0.muscache.com/im/pictures/prohost-api/Hosting-908900502706966329/original/28e456f5-a101-4785-bf07-94b1d117444b.jpeg?im_w=720'),
       (3, 'https://a0.muscache.com/im/pictures/prohost-api/Hosting-908900502706966329/original/28e456f5-a101-4785-bf07-94b1d117444b.jpeg?im_w=720'),
       (3, 'https://a0.muscache.com/im/pictures/prohost-api/Hosting-908900502706966329/original/388fd8ce-e400-4ddc-a959-9c76e5b7b7fe.jpeg?im_w=720'),
       (3, 'https://a0.muscache.com/im/pictures/prohost-api/Hosting-908900502706966329/original/76328660-274f-409b-b10c-4cccf6313e75.jpeg?im_w=720'),
       (4, 'https://a0.muscache.com/im/pictures/prohost-api/Hosting-841707871546139828/original/1e607778-88cf-4768-96e8-dc528b6a28f5.jpeg?im_w=720'),
       (4, 'https://a0.muscache.com/im/pictures/prohost-api/Hosting-841707871546139828/original/98be09a2-9209-40d0-a022-5ed4fa2c99fa.jpeg?im_w=720'),
       (4, 'https://a0.muscache.com/im/pictures/prohost-api/Hosting-841707871546139828/original/9475a435-f98e-475b-8f4c-7dcbc2356051.jpeg?im_w=720'),
       (4, 'https://a0.muscache.com/im/pictures/prohost-api/Hosting-841707871546139828/original/f7c45539-c8a3-466e-ae69-f6410029c955.jpeg?im_w=720'),
       (4, 'https://a0.muscache.com/im/pictures/prohost-api/Hosting-841707871546139828/original/581b2f07-0bfa-4626-847a-314e5e2d3255.jpeg?im_w=720'),
       (4, 'https://a0.muscache.com/im/pictures/prohost-api/Hosting-841707871546139828/original/9edcd3d7-d73f-4d51-8aab-f1e976195052.jpeg?im_w=720'),
       (5, 'https://a0.muscache.com/im/pictures/miso/Hosting-635761660943901240/original/f8fe63d9-dd63-4a8f-a2b8-f7aac1ce22bf.jpeg?im_w=960'),
       (5, 'https://a0.muscache.com/im/pictures/miso/Hosting-635761660943901240/original/ada66dd6-b0cc-40f5-9058-e82d1a739b03.jpeg?im_w=480'),
       (5, 'https://a0.muscache.com/im/pictures/miso/Hosting-635761660943901240/original/d4e17426-3bdc-4247-a36d-430b7eefd979.jpeg?im_w=480'),
       (5, 'https://a0.muscache.com/im/pictures/miso/Hosting-635761660943901240/original/4931d16c-27b4-4495-ba42-d78ba4758cf3.jpeg?im_w=480'),
       (5, 'https://a0.muscache.com/im/pictures/miso/Hosting-635761660943901240/original/cbf4be61-8c9c-4f29-9521-e36370f05435.jpeg?im_w=480'),
       (6, 'https://a0.muscache.com/im/pictures/prohost-api/Hosting-50533494/original/647f0701-e268-4b49-b329-5407aa94268e.jpeg?im_w=720'),
       (6, 'https://a0.muscache.com/im/pictures/prohost-api/Hosting-50533494/original/fd6f0788-330e-4fab-8aec-32d366a084b4.jpeg?im_w=720'),
       (6, 'https://a0.muscache.com/im/pictures/prohost-api/Hosting-50533494/original/2e6d62f1-41d8-4587-864c-c7209c9d85e3.jpeg?im_w=720'),
       (6, 'https://a0.muscache.com/im/pictures/prohost-api/Hosting-50533494/original/4e649792-4a27-40d1-a3c9-66d68800868e.jpeg?im_w=720'),
       (6, 'https://a0.muscache.com/im/pictures/prohost-api/Hosting-50533494/original/b867381a-a400-4fed-b945-bea635edea16.jpeg?im_w=720'),
       (6, 'https://a0.muscache.com/im/pictures/prohost-api/Hosting-50533494/original/58e871d5-b411-4600-ab05-a2a70880ff38.jpeg?im_w=720'),
       (7, 'https://a0.muscache.com/im/pictures/2927d43a-ffa3-43b7-b518-82eef9794d43.jpg?im_w=960'),
       (7, 'https://a0.muscache.com/im/pictures/5f361ff0-e6dd-42b5-a715-be988a699ff2.jpg?im_w=480'),
       (7, 'https://a0.muscache.com/im/pictures/1fd4c295-1330-4795-85b4-a1a561a11773.jpg?im_w=480'),
       (7, 'https://a0.muscache.com/im/pictures/758f0586-000e-4926-a8f5-14f54c40acfe.jpg?im_w=720'),
       (7, 'https://a0.muscache.com/im/pictures/c310773d-3dd8-4792-9387-47baab2a871a.jpg?im_w=480'),
       (7, 'https://a0.muscache.com/im/pictures/8f579d13-1851-442a-ae71-7ba10ec2c028.jpg?im_w=480'),
       (8, 'https://a0.muscache.com/im/pictures/f8e7b996-dd12-4f81-9669-e15c913413cf.jpg?im_w=720'),
       (8, 'https://a0.muscache.com/im/pictures/32e943b3-2bd5-4164-9575-d0d3d8f397db.jpg?im_w=720'),
       (8, 'https://a0.muscache.com/im/pictures/a79329e0-ad9d-472a-a70d-23e972c31713.jpg?im_w=720'),
       (8, 'https://a0.muscache.com/im/pictures/758f0586-000e-4926-a8f5-14f54c40acfe.jpg?im_w=720'),
       (8, 'https://a0.muscache.com/im/pictures/0fb075d6-ff71-459d-a94d-d495a37fe29e.jpg?im_w=720'),
       (8, 'https://a0.muscache.com/im/pictures/7c231873-806b-4475-809b-a738a0af11b3.jpg?im_w=720'),
       (9, 'https://a0.muscache.com/im/pictures/miso/Hosting-52712186/original/5335e919-cfb9-422b-9dd8-f385f32fe2d7.jpeg?im_w=720'),
       (9, 'https://a0.muscache.com/im/pictures/miso/Hosting-52712186/original/3abecc97-7407-4311-9ed2-5f2135b40903.jpeg?im_w=720'),
       (9, 'https://a0.muscache.com/im/pictures/2daaec86-b474-4d1f-88aa-42cb93000d70.jpg?im_w=720'),
       (9, 'https://a0.muscache.com/im/pictures/329c99e7-fcc3-44dd-8b21-692156123925.jpg?im_w=720'),
       (9, 'https://a0.muscache.com/im/pictures/9354aaa3-9a5c-43bd-b0c4-55769bad22f0.jpg?im_w=720'),
       (9, 'https://a0.muscache.com/im/pictures/miso/Hosting-52712186/original/8bd8b0d7-1d8e-4374-ad16-a96275803b77.jpeg?im_w=720'),
       (10, 'https://a0.muscache.com/im/pictures/miso/Hosting-971409209519378572/original/35215558-3e34-4cf5-80a6-facbc14780c7.jpeg?im_w=720'),
       (10, 'https://a0.muscache.com/im/pictures/miso/Hosting-971409209519378572/original/7bbf1aa1-8e6d-42a1-823d-9ef808239569.jpeg?im_w=720'),
       (10, 'https://a0.muscache.com/im/pictures/miso/Hosting-971409209519378572/original/cb39659c-c7e6-4a5d-902b-ab1b992278e7.jpeg?im_w=720'),
       (10, 'https://a0.muscache.com/im/pictures/miso/Hosting-971409209519378572/original/fbd79097-dcc5-4f28-80b8-79651effd2f8.jpeg?im_w=720'),
       (10, 'https://a0.muscache.com/im/pictures/miso/Hosting-971409209519378572/original/d27280c2-0560-4969-9868-0484fb3063b4.jpeg?im_w=720'),
       (10, 'https://a0.muscache.com/im/pictures/miso/Hosting-971409209519378572/original/e59266d4-2495-4ff3-8c73-492117028110.jpeg?im_w=720'),
       (11, 'https://a0.muscache.com/im/pictures/prohost-api/Hosting-52225819/original/3eb95e8d-b39d-4ba2-8979-9c25a17d1092.jpeg?im_w=960'),
       (11, 'https://a0.muscache.com/im/pictures/prohost-api/Hosting-52225819/original/dbd73d0a-6504-4495-8644-18c7fdc0d8c8.jpeg?im_w=480'),
       (11, 'https://a0.muscache.com/im/pictures/prohost-api/Hosting-52225819/original/0eb505fb-9170-4166-a4a5-5c5ea5a748f6.jpeg?im_w=480'),
       (11, 'https://a0.muscache.com/im/pictures/prohost-api/Hosting-52225819/original/0595ebf0-36fb-4dfb-a3ba-78fa815be6e6.jpeg?im_w=480'),
       (11, 'https://a0.muscache.com/im/pictures/prohost-api/Hosting-52225819/original/b6fcf27f-a179-4aa3-971f-786f8c7a2f61.jpeg?im_w=480'),
       (12, 'https://a0.muscache.com/im/pictures/99963715/cb48bfd1_original.jpg?im_w=960'),
       (12, 'https://a0.muscache.com/im/pictures/99959840/3dfe8289_original.jpg?im_w=480'),
       (12, 'https://a0.muscache.com/im/pictures/99958073/f2ba0dea_original.jpg?im_w=480'),
       (12, 'https://a0.muscache.com/im/pictures/99951505/3a7c8830_original.jpg?im_w=480'),
       (12, 'https://a0.muscache.com/im/pictures/99956533/fe996dec_original.jpg?im_w=480'),
       (13, 'https://a0.muscache.com/im/pictures/69079e4a-818c-4a07-97c4-34c51f6bd265.jpg?im_w=960'),
       (13, 'https://a0.muscache.com/im/pictures/68eb49d8-6e11-4a93-ad63-94a34111b3a3.jpg?im_w=480'),
       (13, 'https://a0.muscache.com/im/pictures/93256810/5550edfc_original.jpg?im_w=480'),
       (13, 'https://a0.muscache.com/im/pictures/93256836/7542399a_original.jpg?im_w=480'),
       (13, 'https://a0.muscache.com/im/pictures/93256813/a293c632_original.jpg?im_w=480'),
       (14, 'https://a0.muscache.com/im/pictures/miso/Hosting-803911686575498146/original/2b4fb65e-3026-439d-a131-8c66f96143a0.jpeg?im_w=960'),
       (14, 'https://a0.muscache.com/im/pictures/miso/Hosting-803911686575498146/original/87e701cd-0d3b-4b21-8a06-06a7320aaee0.jpeg?im_w=480'),
       (14, 'https://a0.muscache.com/im/pictures/miso/Hosting-803911686575498146/original/ad33de7c-e49e-405b-9516-4c705a9c0d0a.jpeg?im_w=480'),
       (14, 'https://a0.muscache.com/im/pictures/miso/Hosting-803911686575498146/original/138672f0-9167-443f-856c-b376507341c4.jpeg?im_w=480'),
       (14, 'https://a0.muscache.com/im/pictures/miso/Hosting-803911686575498146/original/0d7614e3-750e-4611-8b38-1c830abe1939.jpeg?im_w=480');

insert into room_occupation (room_occupation_id, room_id, is_occupied, check_in_at, check_out_at )
values (1, 1, false, '2024-04-01 12:00:00', '2024-04-01 12:00:00' ),
       (2, 2, false, '2024-04-01 12:00:00', '2024-04-01 12:00:00' ),
       (3, 3, false, '2024-04-01 12:00:00', '2024-04-01 12:00:00' ),
       (4, 4, false, '2024-04-01 12:00:00', '2024-04-01 12:00:00' ),
       (5, 5, false, '2024-04-01 12:00:00', '2024-04-01 12:00:00' ),
       (6, 6, false, '2024-04-01 12:00:00', '2024-04-01 12:00:00' ),
       (7, 7, false, '2024-04-01 12:00:00', '2024-04-01 12:00:00' ),
       (8, 8, false, '2024-04-01 12:00:00', '2024-04-01 12:00:00' ),
       (9, 9, false, '2024-04-01 12:00:00', '2024-04-01 12:00:00' ),
       (10, 10, false, '2024-04-01 12:00:00', '2024-04-01 12:00:00' ),
       (11, 11, false, '2024-04-01 12:00:00', '2024-04-01 12:00:00' ),
       (12, 12, false, '2024-04-01 12:00:00', '2024-04-01 12:00:00' ),
       (13, 13, false, '2024-04-01 12:00:00', '2024-04-01 12:00:00' ),
       (14, 14, false, '2024-04-01 12:00:00', '2024-04-01 12:00:00' );


INSERT INTO category (category_id, image_url, name)
VALUES ( 1,
         '/images/categoryIcon/categoryIcon1.jpeg',
         '최고의 전망'
       ),
       (2,
        '/images/categoryIcon/categoryIcon2.jpeg',
        '한적한 시골'),
       (3, '/images/categoryIcon/categoryIcon3.jpeg',
        '한옥'),
       (4,
        '/images/categoryIcon/categoryIcon4.jpeg',
        '와인 농장'),
       (5,
        '/images/categoryIcon/categoryIcon5.jpeg',
        '저택'),
       (6,
        '/categoryIcon/categoryIcon6.jpeg',
        '방'),
       (7,
        '/images/categoryIcon/categoryIcon7.jpeg',
        '기상전외한 숙소'),
       (8,
        '/images/categoryIcon/categoryIcon8.jpeg',
        '캠핑장'),
       ( 9,
         '/images/categoryIcon/categoryIcon9.jpeg',
         '해변 바로 앞'),
       (10,
        '/images/categoryIcon/categoryIcon10.jpeg',
        '초소형 주택'),
       ( 11,
         '/images/categoryIcon/categoryIcon11.jpeg',
         '열대 지역'),
       ( 12,
         '/images/categoryIcon/categoryIcon12.jpeg',
         '스키 타고 출입'),
       ( 13,
         '/images/categoryIcon/categoryIcon13.jpeg',
         '멋진 수영장'),
       (14,
        '/images/categoryIcon/categoryIcon14.jpeg',
        '통나무 집'),
       (15,
        '/images/categoryIcon/categoryIcon15.jpeg',
        '국립공원'),
       ( 16,
         '/images/categoryIcon/categoryIcon16.jpeg',
         '창작 공간'),
       (17,
        '/images/categoryIcon/categoryIcon17.jpeg',
        '디자인'),
       (18,
        '/images/categoryIcon/categoryIcon18.jpeg',
        '사막'),
       (19,
        '/images/categoryIcon/categoryIcon19.jpeg',
        '인기 급상승'),
       (20,
        '/images/categoryIcon/categoryIcon20.jpeg',
        '상징적 도시'),
       ( 21,
         '/images/categoryIcon/categoryIcon21.jpeg',
         '보트'),
       ( 22,
         '/images/categoryIcon/categoryIcon22.jpeg',
         '농장'),
       ( 23,
         '/images/categoryIcon/categoryIcon23.jpeg',
         '북극'
       ),
       (24,
        '/images/categoryIcon/categoryIcon24.jpeg',
        '캐슬'),
       (25,
        '/images/categoryIcon/categoryIcon25.jpeg',
        '섬'),
       (26,
        '/images/categoryIcon/categoryIcon26.jpeg',
        '트룰로'),
       ( 27,
         '/images/categoryIcon/categoryIcon27.jpeg',
         '신규'),
       (28,
        '/images/categoryIcon/categoryIcon28.jpeg',
        '서핑'),
       (29,
        '/images/categoryIcon/categoryIcon29.jpeg',
        '세상의 꼭대기'),
       (30,
        '/images/categoryIcon/categoryIcon30.jpeg',
        '돔하우스'),
       (31,
        '/images/categoryIcon/categoryIcon31.jpeg',
        '키즈'),
       (32,
        '/images/categoryIcon/categoryIcon32.jpeg',
        '컨테이너하우스'),
       (33,
        '/images/categoryIcon/categoryIcon33.jpeg',
        '료칸'),
       (34,
        '/images/categoryIcon/categoryIcon34.jpeg',
        '복토 주택'),
       (35,
        '/images/categoryIcon/categoryIcon35.jpeg',
        '호수 근처'),
       (36,
        '/images/categoryIcon/categoryIcon36.jpeg',
        '호숫가'),
       (37,
        '/images/categoryIcon/categoryIcon37.jpeg',
        '트리하우스'),
       (38,
        '/images/categoryIcon/categoryIcon38.jpeg',
        '캠핑카'),
       (39,
        '/images/categoryIcon/categoryIcon39.jpeg',
        '동굴'),
       (40,
        '/images/categoryIcon/categoryIcon40.jpeg',
        'A자형 주택'),
       (41,
        '/images/categoryIcon/categoryIcon41.jpeg',
        '골프장'),
       (42,
        '/images/categoryIcon/categoryIcon42.jpeg',
        'B&B'),
       (43,
        '/images/categoryIcon/categoryIcon43.jpeg',
        'Luxe'),
       (44,
        '/images/categoryIcon/categoryIcon44.jpeg',
        '유서 깊은 주택'),
       (45,
        '/images/categoryIcon/categoryIcon45.jpeg',
        '키클라데스 주택'),
       (46,
        '/images/categoryIcon/categoryIcon46.jpeg',
        '전문가급 주방'),
       (47,
        '/images/categoryIcon/categoryIcon47.jpeg',
        '유르트'),
       (48,
        '/images/categoryIcon/categoryIcon48.jpeg',
        '마차'),
       (49,
        '/images/categoryIcon/categoryIcon49.jpeg',
        '카사 파르티쿨라르'),
       (50,
        '/images/categoryIcon/categoryIcon50.jpeg',
        '민수'),
       (51,
        '/images/categoryIcon/categoryIcon51.jpeg',
        '풍차'),
       (52,
        '/images/categoryIcon/categoryIcon52.jpeg',
        '그랜트 피아노'),
       (53,
        '/images/categoryIcon/categoryIcon53.jpeg',
        '타워'),
       (54,
        '/images/categoryIcon/categoryIcon54.jpeg',
        '헛간'),
       (55,
        '/images/categoryIcon/categoryIcon55.jpeg',
        '속세를 벗어난 숙소'),
       (56,
        '/images/categoryIcon/categoryIcon56.jpeg',
        '무장애'),
       (57,
        '/images/categoryIcon/categoryIcon57.jpeg',
        '하우스보트'),
       (58,
        '/images/categoryIcon/categoryIcon58.jpeg',
        '담무소'),
       (59,
        '/images/categoryIcon/categoryIcon59.jpeg',
        '리아드'),
       (60,
        '/images/categoryIcon/categoryIcon60.jpeg',
        '해변 근처'),
       (61,
        '/images/categoryIcon/categoryIcon61.jpeg',
        '스키');

INSERT INTO room_category (room_category_id, room_id, category_id)
values (1, 1, 1),
       (2, 2, 1),
       (3, 3, 1),
       (4, 4, 1),
       (5, 5, 1),
       (6, 6, 1),
       (7, 7, 1),
       (8, 8, 2),
       (9, 9, 2),
       (10, 10, 2),
       (11, 11, 2),
       (12, 12, 2),
       (13, 13, 2),
       (14, 14, 2);



INSERT INTO comfort (comfort_id, image_url, name)
values (1, '/svgIcons/roomComforts/kitchen.svg', '주방'),
       (2, '/svgIcons/roomComforts/wifi.svg', '무선 와이파이'),
       (3, '/svgIcons/roomComforts/kitchen.svg', '업무 전용 공간'),
       (4, '/svgIcons/roomComforts/kitchen.svg', '공용 수영장'),
       (5, '/svgIcons/roomComforts/freeParking.svg', '건물 내 무료주차'),
       (6, '/svgIcons/roomComforts/wifi.svg', '반려동물 입실 가능'),
       (7, '/svgIcons/roomComforts/kitchen.svg', '건조기'),
       (8, '/svgIcons/roomComforts/wifi.svg', '산 전망'),
       (10, '/svgIcons/roomComforts/wifi.svg', '에어컨'),
       (11, '/svgIcons/roomComforts/kitchen.svg', '냉장고'),
       (12, '/svgIcons/roomComforts/kitchen.svg' ,'전자레인지'),
       (13, '/svgIcons/roomComforts/tv.svg', 'TV');